Year,GrandPrix,Driver,Team,GridPosition,is_winner,is_top3,points,LapTime,Sector1Time,Sector2Time,Sector3Time,TyreLife,speed,rpm,driver_form,team_performance,track_history
2021,Austria,ALO,Alpine,,0,0,81.0,71.04268115942028,17.147,31.091,20.965,43.0,327.0,6659.681871345029,0.0,0.0,0.0
2021,Austria,BOT,Mercedes,,0,1,226.0,70.13838571428572,17.128,30.515,20.622,44.0,327.0,6659.681871345029,0.0,0.0,0.0
2021,Austria,GAS,AlphaTauri,,0,0,110.0,84.9864,28.94,51.869,49.376,4.0,327.0,6659.681871345029,0.0,0.0,0.0
2021,Austria,GIO,Alfa Romeo Racing,,0,0,3.0,71.22865217391305,17.138,31.091,21.132,47.0,327.0,6659.681871345029,0.0,0.0,0.0
2021,Austria,HAM,Mercedes,9.0,0,1,387.5,70.01357142857142,17.006,29.674,20.257,41.0,327.0,6659.681871345029,0.0,226.0,0.0
2021,Austria,LAT,Williams,,0,0,7.0,72.03937313432836,17.306,31.25,21.177,44.0,327.0,6659.681871345029,0.0,0.0,0.0
2021,Austria,LEC,Ferrari,2.0,0,0,159.0,70.77363768115943,17.144,30.47,20.602,36.0,327.0,6659.681871345029,0.0,0.0,0.0
2021,Austria,MAZ,Haas F1 Team,,0,0,0.0,72.68065671641791,17.363,31.62,21.521,47.0,327.0,6659.681871345029,0.0,0.0,0.0
2021,Austria,MSC,Haas F1 Team,,0,0,0.0,72.06263235294118,17.172,31.267,21.157,36.0,327.0,6659.681871345029,0.0,0.0,0.0
2021,Austria,NOR,McLaren,7.0,0,0,160.0,70.57259420289856,17.156,30.681,20.613,39.0,327.0,6659.681871345029,0.0,0.0,0.0
2021,Austria,OCO,Alpine,,0,0,74.0,71.16294202898551,17.105,30.81,20.959,36.0,327.0,6659.681871345029,0.0,81.0,0.0
2021,Austria,PER,Red Bull Racing,5.0,0,0,190.0,70.15387142857142,16.926,30.112,20.534,29.0,327.0,6659.681871345029,0.0,0.0,0.0
2021,Austria,RAI,Alfa Romeo Racing,,0,0,10.0,71.05705797101449,17.07,30.738,20.984,36.0,327.0,6659.681871345029,0.0,3.0,0.0
2021,Austria,RIC,McLaren,,0,0,115.0,71.16552173913044,16.805,30.861,20.892,41.0,327.0,6659.681871345029,0.0,160.0,0.0
2021,Austria,RUS,Williams,3.0,0,0,16.0,73.91214285714287,17.084,31.465,21.318,25.0,327.0,6659.681871345029,0.0,7.0,0.0
2021,Austria,SAI,Ferrari,4.0,0,0,164.5,70.60444927536233,17.081,30.496,20.652,41.0,327.0,6659.681871345029,0.0,159.0,0.0
2021,Austria,STR,Aston Martin,,0,0,34.0,72.11058208955224,17.133,31.046,21.085,42.0,327.0,6659.681871345029,0.0,0.0,0.0
2021,Austria,TSU,AlphaTauri,,0,0,32.0,71.03689855072464,16.885,31.157,20.866,44.0,327.0,6659.681871345029,0.0,110.0,0.0
2021,Austria,VER,Red Bull Racing,1.0,1,1,395.5,69.51654285714287,16.87,30.384,20.677,42.0,327.0,6659.681871345029,0.0,190.0,0.0
2021,Austria,VET,Aston Martin,,0,0,43.0,71.13695652173912,17.172,31.146,20.941,43.0,327.0,6659.681871345029,0.0,34.0,0.0
2021,Belgium,ALO,Alpine,,0,0,81.0,84.9864,56.004,83.375,57.52,3.0,327.0,6659.681871345029,81.0,155.0,0.0
2021,Belgium,BOT,Mercedes,,0,1,226.0,84.9864,56.82,81.074,57.601,3.0,327.0,6659.681871345029,226.0,613.5,0.0
2021,Belgium,GAS,AlphaTauri,,0,0,110.0,84.9864,51.854,90.553,54.368,3.0,327.0,6659.681871345029,110.0,142.0,0.0
2021,Belgium,GIO,Alfa Romeo Racing,,0,0,3.0,84.9864,56.479,80.343,58.532,3.0,327.0,6659.681871345029,3.0,13.0,0.0
2021,Belgium,HAM,Mercedes,9.0,0,1,387.5,84.9864,53.382,91.206,51.124,3.0,327.0,6659.681871345029,387.5,839.5,0.0
2021,Belgium,LAT,Williams,,0,0,7.0,84.9864,55.11,85.074,55.732,3.0,327.0,6659.681871345029,7.0,23.0,0.0
2021,Belgium,LEC,Ferrari,2.0,0,0,159.0,84.9864,55.385,84.586,54.753,3.0,327.0,6659.681871345029,159.0,323.5,0.0
2021,Belgium,MAZ,Haas F1 Team,,0,0,0.0,84.9864,57.519,73.457,60.294,7.0,327.0,6659.681871345029,0.0,0.0,0.0
2021,Belgium,MSC,Haas F1 Team,,0,0,0.0,84.9864,57.823,74.604,59.261,6.0,327.0,6659.681871345029,0.0,0.0,0.0
2021,Belgium,NOR,McLaren,7.0,0,0,160.0,84.9864,57.001,75.041,60.087,3.0,327.0,6659.681871345029,160.0,275.0,0.0
2021,Belgium,OCO,Alpine,,0,0,74.0,84.9864,54.742,85.828,53.947,3.0,327.0,6659.681871345029,74.0,236.0,0.0
2021,Belgium,PER,Red Bull Racing,5.0,0,0,190.0,84.9864,59.892,72.98,53.441,3.0,327.0,6659.681871345029,190.0,585.5,0.0
2021,Belgium,RAI,Alfa Romeo Racing,,0,0,10.0,84.9864,58.518,72.941,56.431,3.0,327.0,6659.681871345029,10.0,16.0,0.0
2021,Belgium,RIC,McLaren,,0,0,115.0,84.9864,54.072,90.09,52.045,3.0,327.0,6659.681871345029,115.0,435.0,0.0
2021,Belgium,RUS,Williams,3.0,0,0,16.0,84.9864,51.848,92.105,51.993,3.0,327.0,6659.681871345029,16.0,30.0,0.0
2021,Belgium,SAI,Ferrari,4.0,0,0,164.5,84.9864,57.385,84.409,55.793,3.0,327.0,6659.681871345029,164.5,482.5,0.0
2021,Belgium,STR,Aston Martin,,0,0,34.0,84.9864,56.964,73.452,59.742,3.0,327.0,6659.681871345029,34.0,77.0,0.0
2021,Belgium,TSU,AlphaTauri,,0,0,32.0,84.9864,57.867,75.657,59.47,3.0,327.0,6659.681871345029,32.0,252.0,0.0
2021,Belgium,VER,Red Bull Racing,1.0,1,1,395.5,84.9864,52.264,92.54,51.665,4.0,327.0,6659.681871345029,395.5,775.5,0.0
2021,Belgium,VET,Aston Martin,,0,0,43.0,84.9864,52.916,91.267,51.913,5.0,327.0,6659.681871345029,43.0,111.0,0.0
2021,Hungary,ALO,Alpine,,0,0,81.0,83.71816417910448,29.357,28.256,22.71,36.0,327.0,6659.681871345029,81.0,310.0,0.0
2021,Hungary,BOT,Mercedes,,0,1,226.0,84.9864,28.94,31.487,23.701,1.0,327.0,6659.681871345029,226.0,1227.0,0.0
2021,Hungary,GAS,AlphaTauri,,0,0,110.0,84.39485074626866,28.653,27.691,22.05,38.0,327.0,6659.681871345029,110.0,284.0,0.0
2021,Hungary,GIO,Alfa Romeo Racing,,0,0,3.0,85.23951515151515,29.37,29.455,23.192,36.0,327.0,6659.681871345029,3.0,26.0,0.0
2021,Hungary,HAM,Mercedes,9.0,0,1,387.5,83.46228358208955,28.491,28.012,22.14,28.0,327.0,6659.681871345029,387.5,1453.0,0.0
2021,Hungary,LAT,Williams,,0,0,7.0,84.74125373134328,29.558,29.596,23.381,47.0,327.0,6659.681871345029,7.0,46.0,0.0
2021,Hungary,LEC,Ferrari,2.0,0,0,159.0,84.9864,28.94,31.487,23.701,1.0,327.0,6659.681871345029,159.0,647.0,0.0
2021,Hungary,MAZ,Haas F1 Team,,0,0,0.0,84.9864,62.914,44.326,37.606,1.0,327.0,6659.681871345029,0.0,0.0,0.0
2021,Hungary,MSC,Haas F1 Team,,0,0,0.0,85.30368181818181,29.735,29.279,23.334,35.0,327.0,6659.681871345029,0.0,0.0,0.0
2021,Hungary,NOR,McLaren,7.0,0,0,160.0,84.9864,72.798,47.764,40.521,1.0,327.0,6659.681871345029,160.0,550.0,0.0
2021,Hungary,OCO,Alpine,,0,0,74.0,83.62779104477612,29.404,28.708,23.075,34.0,327.0,6659.681871345029,74.0,391.0,0.0
2021,Hungary,PER,Red Bull Racing,5.0,0,0,190.0,84.9864,28.94,31.487,23.701,1.0,327.0,6659.681871345029,190.0,1171.0,0.0
2021,Hungary,RAI,Alfa Romeo Racing,,0,0,10.0,84.99081818181818,29.001,29.047,22.936,38.0,327.0,6659.681871345029,10.0,29.0,0.0
2021,Hungary,RIC,McLaren,,0,0,115.0,85.13712121212122,29.532,29.433,23.426,49.0,327.0,6659.681871345029,115.0,710.0,0.0
2021,Hungary,RUS,Williams,3.0,0,0,16.0,84.65841791044775,29.533,29.178,23.247,49.0,327.0,6659.681871345029,16.0,53.0,0.0
2021,Hungary,SAI,Ferrari,4.0,0,0,164.5,83.82720895522388,29.409,28.81,23.082,38.0,327.0,6659.681871345029,164.5,806.0,0.0
2021,Hungary,STR,Aston Martin,,0,0,34.0,84.9864,28.94,31.487,23.701,1.0,327.0,6659.681871345029,34.0,154.0,0.0
2021,Hungary,TSU,AlphaTauri,,0,0,32.0,84.72180597014925,29.659,29.264,22.988,48.0,327.0,6659.681871345029,32.0,394.0,0.0
2021,Hungary,VER,Red Bull Racing,1.0,1,1,395.5,84.6211791044776,29.012,28.741,22.735,35.0,327.0,6659.681871345029,395.5,1361.0,0.0
2021,Hungary,VET,Aston Martin,,0,0,43.0,83.64611940298508,29.233,28.511,22.557,34.0,327.0,6659.681871345029,43.0,188.0,0.0
2021,Silverstone,ALO,Alpine,,0,0,81.0,94.81722448979592,29.357,37.037,25.25,28.0,327.0,6659.681871345029,81.0,384.0,0.0
2021,Silverstone,BOT,Mercedes,,0,1,226.0,92.54972916666667,28.844,36.79,24.848,30.0,327.0,6659.681871345029,226.0,1614.5,0.0
2021,Silverstone,GAS,AlphaTauri,,0,0,110.0,94.69920408163266,28.849,36.425,24.411,28.0,327.0,6659.681871345029,110.0,316.0,0.0
2021,Silverstone,GIO,Alfa Romeo Racing,,0,0,3.0,94.93818750000001,29.417,37.534,25.327,28.0,327.0,6659.681871345029,3.0,36.0,0.0
2021,Silverstone,HAM,Mercedes,9.0,0,1,387.5,92.35670833333334,28.698,36.289,24.619,25.0,327.0,6659.681871345029,387.5,1453.0,0.0
2021,Silverstone,LAT,Williams,,0,0,7.0,94.71414583333335,29.349,37.463,25.127,32.0,327.0,6659.681871345029,7.0,62.0,0.0
2021,Silverstone,LEC,Ferrari,2.0,0,0,159.0,92.46235416666667,29.04,36.671,24.766,27.0,327.0,6659.681871345029,159.0,811.5,0.0
2021,Silverstone,MAZ,Haas F1 Team,,0,0,0.0,95.7055625,29.633,37.63,25.519,26.0,327.0,6659.681871345029,0.0,0.0,0.0
2021,Silverstone,MSC,Haas F1 Team,,0,0,0.0,96.08681250000001,29.298,37.813,25.172,27.0,327.0,6659.681871345029,0.0,0.0,0.0
2021,Silverstone,NOR,McLaren,7.0,0,0,160.0,92.92689583333333,29.101,36.976,24.527,31.0,327.0,6659.681871345029,160.0,665.0,0.0
2021,Silverstone,OCO,Alpine,,0,0,74.0,94.6887142857143,29.33,37.319,25.283,33.0,327.0,6659.681871345029,74.0,391.0,0.0
2021,Silverstone,PER,Red Bull Racing,5.0,0,0,190.0,94.56120833333334,28.547,35.631,24.401,20.0,327.0,6659.681871345029,190.0,1566.5,0.0
2021,Silverstone,RAI,Alfa Romeo Racing,,0,0,10.0,95.29122916666667,29.513,37.139,25.019,33.0,327.0,6659.681871345029,10.0,29.0,0.0
2021,Silverstone,RIC,McLaren,,0,0,115.0,93.18347916666666,29.404,36.729,24.726,32.0,327.0,6659.681871345029,115.0,710.0,0.0
2021,Silverstone,RUS,Williams,3.0,0,0,16.0,94.76054166666667,29.32,37.339,24.708,33.0,327.0,6659.681871345029,16.0,53.0,0.0
2021,Silverstone,SAI,Ferrari,4.0,0,0,164.5,94.17820408163266,29.042,36.759,24.704,26.0,327.0,6659.681871345029,164.5,806.0,0.0
2021,Silverstone,STR,Aston Martin,,0,0,34.0,94.58995918367347,29.042,37.28,25.316,31.0,327.0,6659.681871345029,34.0,197.0,0.0
2021,Silverstone,TSU,AlphaTauri,,0,0,32.0,94.44879591836735,29.059,36.693,24.998,30.0,327.0,6659.681871345029,32.0,394.0,0.0
2021,Silverstone,VER,Red Bull Racing,1.0,1,1,395.5,84.9864,28.94,31.487,23.701,1.0,327.0,6659.681871345029,395.5,1361.0,0.0
2021,Silverstone,VET,Aston Martin,,0,0,43.0,94.65586111111111,29.074,37.876,25.155,24.0,327.0,6659.681871345029,43.0,188.0,0.0
2021,Spain,ALO,Alpine,,0,0,81.0,86.930296875,22.821,30.3,27.677,40.0,327.0,6659.681871345029,81.0,384.0,0.0
2021,Spain,BOT,Mercedes,,0,1,226.0,84.9864,22.067,30.132,27.155,30.0,327.0,6659.681871345029,226.0,1614.5,0.0
2021,Spain,GAS,AlphaTauri,,0,0,110.0,86.412515625,22.669,30.523,27.621,29.0,327.0,6659.681871345029,110.0,316.0,0.0
2021,Spain,GIO,Alfa Romeo Racing,,0,0,3.0,85.55349206349206,23.226,31.139,28.182,34.0,327.0,6659.681871345029,3.0,36.0,0.0
2021,Spain,HAM,Mercedes,9.0,0,1,387.5,84.61504615384615,22.386,30.254,27.184,32.0,327.0,6659.681871345029,387.5,1453.0,0.0
2021,Spain,LAT,Williams,,0,0,7.0,86.854609375,23.22,31.066,28.192,23.0,327.0,6659.681871345029,7.0,62.0,0.0
2021,Spain,LEC,Ferrari,2.0,0,0,159.0,85.42852307692309,22.891,30.191,27.267,31.0,327.0,6659.681871345029,159.0,811.5,0.0
2021,Spain,MAZ,Haas F1 Team,,0,0,0.0,87.9591746031746,23.496,31.892,28.548,22.0,327.0,6659.681871345029,0.0,0.0,0.0
2021,Spain,MSC,Haas F1 Team,,0,0,0.0,87.20241269841269,23.191,30.976,27.993,27.0,327.0,6659.681871345029,0.0,0.0,0.0
2021,Spain,NOR,McLaren,7.0,0,0,160.0,86.22353125,22.433,30.646,27.856,28.0,327.0,6659.681871345029,160.0,665.0,0.0
2021,Spain,OCO,Alpine,,0,0,74.0,86.46040625,23.362,31.399,28.275,42.0,327.0,6659.681871345029,74.0,391.0,0.0
2021,Spain,PER,Red Bull Racing,5.0,0,0,190.0,85.52935384615385,22.801,29.793,26.889,30.0,327.0,6659.681871345029,190.0,1566.5,0.0
2021,Spain,RAI,Alfa Romeo Racing,,0,0,10.0,86.50121875,22.96,31.249,27.976,37.0,327.0,6659.681871345029,10.0,29.0,0.0
2021,Spain,RIC,McLaren,,0,0,115.0,85.69792307692308,22.871,30.665,27.749,28.0,327.0,6659.681871345029,115.0,710.0,0.0
2021,Spain,RUS,Williams,3.0,0,0,16.0,86.69325,23.319,30.988,28.064,37.0,327.0,6659.681871345029,16.0,53.0,0.0
2021,Spain,SAI,Ferrari,4.0,0,0,164.5,85.6746153846154,22.726,30.823,27.757,25.0,327.0,6659.681871345029,164.5,806.0,0.0
2021,Spain,STR,Aston Martin,,0,0,34.0,86.509625,22.83,31.143,28.148,29.0,327.0,6659.681871345029,34.0,197.0,0.0
2021,Spain,TSU,AlphaTauri,,0,0,32.0,86.12719999999999,23.859,31.994,28.937,7.0,327.0,6659.681871345029,32.0,394.0,0.0
2021,Spain,VER,Red Bull Racing,1.0,1,1,395.5,84.88201538461539,22.272,29.205,26.672,36.0,327.0,6659.681871345029,395.5,1361.0,0.0
2021,Spain,VET,Aston Martin,,0,0,43.0,86.5866875,23.003,31.061,28.28,30.0,327.0,6659.681871345029,43.0,188.0,0.0
2023,Austria,ALB,Williams,6.0,0,0,27.0,73.00462857142857,17.254,31.123,20.951,30.0,330.0,6505.487164232382,0.0,62.0,0.0
2023,Austria,ALO,Aston Martin,,0,0,206.0,72.51068571428571,17.071,30.684,20.769,29.0,323.0,6446.084600053544,81.0,197.0,81.0
2023,Austria,BOT,Alfa Romeo,,0,0,10.0,73.54147826086957,17.193,31.142,21.014,30.0,324.0,6617.0999850052485,226.0,0.0,226.0
2023,Austria,DEV,AlphaTauri,,0,0,0.0,73.32791304347826,17.319,31.166,21.09,33.0,335.0,6590.617425707232,0.0,316.0,0.0
2023,Austria,GAS,Alpine,,0,0,62.0,72.8415,17.364,30.574,20.806,30.0,318.0,5834.675194098224,110.0,384.0,110.0
2023,Austria,HAM,Mercedes,9.0,0,1,234.0,72.69527142857143,17.149,30.928,20.789,29.0,325.0,6396.14865796971,387.5,1614.5,387.5
2023,Austria,HUL,Haas F1 Team,10.0,0,0,9.0,81.35281818181818,17.307,31.41,21.657,14.0,330.0,6661.461403456585,0.0,0.0,0.0
2023,Austria,LEC,Ferrari,2.0,0,0,206.0,72.27751428571429,17.35,30.631,20.73,32.0,333.0,6660.04625635839,159.0,811.5,159.0
2023,Austria,MAG,Haas F1 Team,,0,0,3.0,73.76576470588236,17.252,31.241,21.201,37.0,323.0,4087.3112115893755,0.0,9.0,0.0
2023,Austria,NOR,McLaren,7.0,0,0,205.0,72.48038571428572,17.085,30.687,20.731,30.0,312.0,6676.4440610405445,160.0,665.0,160.0
2023,Austria,OCO,Alpine,,0,0,58.0,73.19755072463768,17.242,31.121,20.955,30.0,318.0,1575.7528631347236,74.0,372.0,74.0
2023,Austria,PER,Red Bull Racing,5.0,0,1,285.0,72.19457142857142,16.835,30.275,20.568,25.0,339.0,6529.4551268703335,190.0,1566.5,190.0
2023,Austria,PIA,McLaren,8.0,0,0,97.0,73.62826086956522,17.273,31.07,20.958,29.0,323.0,6659.681871345029,0.0,755.0,0.0
2023,Austria,RUS,Mercedes,3.0,0,0,175.0,72.68,17.247,30.943,20.795,30.0,326.0,6543.401169590643,16.0,1461.0,16.0
2023,Austria,SAI,Ferrari,4.0,0,0,200.0,72.47604285714286,17.018,30.539,20.796,30.0,331.0,6673.738731443995,164.5,853.0,164.5
2023,Austria,SAR,Williams,,0,0,1.0,73.1798115942029,17.219,31.157,21.07,29.0,332.0,6489.787518219949,0.0,73.0,0.0
2023,Austria,STR,Aston Martin,,0,0,74.0,72.87531428571428,17.21,30.401,20.662,21.0,334.0,6568.007496207276,34.0,360.0,34.0
2023,Austria,TSU,AlphaTauri,,0,0,17.0,73.50855072463769,17.198,30.92,21.144,27.0,331.0,6613.327780587203,32.0,284.0,32.0
2023,Austria,VER,Red Bull Racing,1.0,1,1,575.0,72.22811428571428,17.04,29.896,20.076,25.0,321.0,6493.64193711515,395.5,1456.0,395.5
2023,Austria,ZHO,Alfa Romeo,,0,0,6.0,73.33153623188406,17.175,31.061,20.999,32.0,332.0,6476.313442603445,0.0,10.0,0.0
2023,Belgium,ALB,Williams,6.0,0,0,27.0,114.56453488372092,31.336,48.936,29.513,16.0,330.0,6505.487164232382,27.0,67.0,0.0
2023,Belgium,ALO,Aston Martin,,0,0,206.0,113.68288372093022,31.702,48.452,30.064,19.0,323.0,6446.084600053544,122.66666666666667,400.0,81.0
2023,Belgium,BOT,Alfa Romeo,,0,0,10.0,114.29018604651164,31.741,48.103,29.705,20.0,324.0,6617.099985005248,154.0,16.0,226.0
2023,Belgium,GAS,Alpine,,0,0,62.0,114.20197674418606,31.455,49.224,29.858,23.0,318.0,5834.675194098224,94.0,349.0,110.0
2023,Belgium,HAM,Mercedes,9.0,0,1,234.0,113.60258139534884,31.545,46.47,29.29,15.0,325.0,6396.148657969709,336.3333333333333,1410.0,387.5
2023,Belgium,HUL,Haas F1 Team,10.0,0,0,9.0,114.82860465116279,31.307,48.733,29.867,20.0,330.0,6661.461403456586,9.0,12.0,0.0
2023,Belgium,LEC,Ferrari,2.0,0,0,206.0,113.21220930232558,32.085,47.434,29.821,16.0,333.0,6660.04625635839,174.66666666666666,894.0,159.0
2023,Belgium,MAG,Haas F1 Team,,0,0,3.0,114.6133488372093,31.748,49.06,29.92,20.0,323.0,4087.311211589375,3.0,21.0,0.0
2023,Belgium,NOR,McLaren,7.0,0,0,205.0,114.0776046511628,32.307,48.356,30.26,27.0,312.0,6676.4440610405445,175.0,692.0,160.0
2023,Belgium,OCO,Alpine,,0,0,58.0,114.02981395348837,31.249,48.604,30.005,19.0,318.0,1575.7528631347234,68.66666666666667,337.0,74.0
2023,Belgium,PER,Red Bull Racing,5.0,0,1,285.0,113.01069767441861,32.265,48.099,29.828,16.0,339.0,6529.4551268703335,221.66666666666666,1841.0,190.0
2023,Belgium,PIA,McLaren,8.0,0,0,97.0,84.9864,28.94,31.487,23.701,1.0,323.0,6659.681871345029,97.0,782.0,0.0
2023,Belgium,RIC,AlphaTauri,,0,0,6.0,114.63595348837208,31.555,49.417,30.022,22.0,327.0,6659.681871345029,115.0,191.0,115.0
2023,Belgium,RUS,Mercedes,3.0,0,0,175.0,113.78469767441861,31.572,48.639,29.894,22.0,326.0,6543.401169590643,69.0,1256.5,16.0
2023,Belgium,SAI,Ferrari,4.0,0,0,200.0,117.08836363636364,31.999,50.217,30.167,16.0,331.0,6673.738731443995,176.33333333333334,935.5,164.5
2023,Belgium,SAR,Williams,,0,0,1.0,114.71055813953488,31.404,48.766,29.566,16.0,332.0,6489.787518219949,1.0,78.0,0.0
2023,Belgium,STR,Aston Martin,,0,0,74.0,114.17893023255814,32.076,48.728,30.014,24.0,334.0,6568.007496207275,47.333333333333336,563.0,34.0
2023,Belgium,TSU,AlphaTauri,,0,0,17.0,114.212,31.735,49.438,29.757,20.0,331.0,6613.327780587203,27.0,165.0,32.0
2023,Belgium,VER,Red Bull Racing,1.0,1,1,575.0,112.437,31.588,47.017,29.551,16.0,321.0,6493.6419371151505,455.3333333333333,1730.5,395.5
2023,Belgium,ZHO,Alfa Romeo,,0,0,6.0,114.51093023255815,31.56,48.488,29.771,19.0,332.0,6476.313442603444,6.0,26.0,0.0
2023,Hungary,ALB,Williams,6.0,0,0,27.0,85.60541176470588,30.117,30.04,23.489,38.0,330.0,6505.487164232382,27.0,72.0,0.0
2023,Hungary,ALO,Aston Martin,,0,0,206.0,85.09814492753623,29.864,29.323,23.291,27.0,323.0,6446.084600053544,164.33333333333334,603.0,81.0
2023,Hungary,BOT,Alfa Romeo,,0,0,10.0,85.63933823529412,29.823,29.974,23.454,36.0,324.0,6617.0999850052485,82.0,32.0,226.0
2023,Hungary,GAS,Alpine,,0,0,62.0,84.9864,28.94,41.231,36.698,1.0,318.0,5834.675194098224,78.0,314.0,110.0
2023,Hungary,HAM,Mercedes,9.0,0,1,234.0,84.59752173913044,29.652,28.962,22.799,33.0,325.0,6396.14865796971,285.1666666666667,1205.5,387.5
2023,Hungary,HUL,Haas F1 Team,10.0,0,0,9.0,85.97563235294118,29.766,30.201,23.531,36.0,330.0,6661.461403456585,9.0,24.0,0.0
2023,Hungary,LEC,Ferrari,2.0,0,0,206.0,84.96555072463768,29.834,28.973,22.955,31.0,333.0,6660.04625635839,190.33333333333334,976.5,159.0
2023,Hungary,MAG,Haas F1 Team,,0,0,3.0,86.4000294117647,29.952,29.949,23.714,33.0,323.0,4087.3112115893755,3.0,33.0,0.0
2023,Hungary,NOR,McLaren,7.0,0,0,205.0,84.52846376811594,29.674,29.2,23.044,29.0,312.0,6676.4440610405445,190.0,719.0,160.0
2023,Hungary,OCO,Alpine,,0,0,58.0,101.181,32.666,34.912,25.512,5.0,318.0,1575.7528631347236,63.333333333333336,302.0,74.0
2023,Hungary,PER,Red Bull Racing,5.0,0,1,285.0,84.53868115942029,29.693,29.283,23.016,31.0,339.0,6529.4551268703335,253.33333333333334,2115.5,190.0
2023,Hungary,PIA,McLaren,8.0,0,0,97.0,84.96408695652174,29.828,29.448,23.349,31.0,323.0,6659.681871345029,97.0,809.0,0.0
2023,Hungary,RIC,AlphaTauri,,0,0,6.0,85.68785294117647,30.024,29.981,23.527,43.0,327.0,6659.681871345029,78.66666666666667,72.0,115.0
2023,Hungary,RUS,Mercedes,3.0,0,0,175.0,84.90488405797102,29.668,29.269,22.82,28.0,326.0,6543.401169590643,122.0,1052.0,16.0
2023,Hungary,SAI,Ferrari,4.0,0,0,200.0,85.04236231884057,29.763,29.378,23.271,29.0,331.0,6673.738731443995,188.16666666666666,1018.0,164.5
2023,Hungary,SAR,Williams,,0,0,1.0,86.23933333333333,30.092,29.788,23.288,33.0,332.0,6489.787518219949,1.0,83.0,0.0
2023,Hungary,STR,Aston Martin,,0,0,74.0,85.42858823529411,29.877,29.605,23.535,39.0,334.0,6568.007496207276,60.666666666666664,766.0,34.0
2023,Hungary,TSU,AlphaTauri,,0,0,17.0,85.96098529411765,29.995,29.774,23.425,38.0,331.0,6613.327780587203,22.0,46.0,32.0
2023,Hungary,VER,Red Bull Racing,1.0,1,1,575.0,84.06843478260869,29.265,28.662,22.577,28.0,321.0,6493.64193711515,515.1666666666666,2005.0,395.5
2023,Hungary,ZHO,Alfa Romeo,,0,0,6.0,86.06458823529411,30.074,30.054,23.354,36.0,332.0,6476.313442603445,6.0,42.0,0.0
2023,Silverstone,ALB,Williams,6.0,0,0,27.0,98.69513725490197,28.927,37.139,25.086,32.0,330.0,6505.487164232383,27.0,57.0,0.0
2023,Silverstone,ALO,Aston Martin,,0,0,206.0,98.70794117647058,29.103,36.926,25.309,34.0,323.0,6446.084600053544,206.0,634.0,81.0
2023,Silverstone,BOT,Alfa Romeo,,0,0,10.0,98.78025490196077,29.193,37.073,25.296,32.0,324.0,6617.0999850052485,10.0,38.0,226.0
2023,Silverstone,DEV,AlphaTauri,,0,0,0.0,98.93376470588235,29.334,37.301,25.347,27.0,335.0,6590.617425707232,0.0,63.0,0.0
2023,Silverstone,GAS,Alpine,,0,0,62.0,99.96804545454546,29.165,36.888,25.237,31.0,318.0,5834.675194098224,62.0,298.0,110.0
2023,Silverstone,HAM,Mercedes,9.0,0,1,234.0,97.42620000000001,28.789,36.615,24.902,33.0,325.0,6396.14865796971,234.0,993.0,387.5
2023,Silverstone,HUL,Haas F1 Team,10.0,0,0,9.0,98.82545098039216,29.176,37.003,25.386,25.0,330.0,6661.461403456585,9.0,27.0,0.0
2023,Silverstone,LEC,Ferrari,2.0,0,0,206.0,98.77111764705883,28.928,36.928,24.918,20.0,333.0,6660.04625635839,206.0,1012.0,159.0
2023,Silverstone,MAG,Haas F1 Team,,0,0,3.0,94.3378,29.695,37.752,25.628,32.0,323.0,4087.311211589375,3.0,33.0,0.0
2023,Silverstone,NOR,McLaren,7.0,0,0,205.0,97.17568,29.005,36.383,24.908,33.0,312.0,6676.4440610405445,205.0,701.0,160.0
2023,Silverstone,OCO,Alpine,,0,0,58.0,94.229375,29.526,37.765,25.966,9.0,318.0,1575.7528631347236,58.0,302.0,74.0
2023,Silverstone,PER,Red Bull Racing,5.0,0,1,285.0,98.5448431372549,29.104,36.462,24.987,28.0,339.0,6529.455126870334,285.0,2295.0,190.0
2023,Silverstone,PIA,McLaren,8.0,0,0,97.0,98.5674705882353,29.043,36.59,24.922,29.0,323.0,6659.681871345029,97.0,809.0,0.0
2023,Silverstone,RUS,Mercedes,3.0,0,0,175.0,98.61750980392158,29.049,36.759,25.041,31.0,326.0,6543.401169590643,175.0,1052.0,16.0
2023,Silverstone,SAI,Ferrari,4.0,0,0,200.0,98.76670588235294,29.054,36.938,25.188,26.0,331.0,6673.738731443995,200.0,1018.0,164.5
2023,Silverstone,SAR,Williams,,0,0,1.0,98.76035294117648,29.102,37.177,25.157,29.0,332.0,6489.787518219949,1.0,83.0,0.0
2023,Silverstone,STR,Aston Martin,,0,0,74.0,98.772,29.088,36.951,25.109,32.0,334.0,6568.007496207277,74.0,766.0,34.0
2023,Silverstone,TSU,AlphaTauri,,0,0,17.0,98.9215294117647,29.231,37.22,25.266,20.0,331.0,6613.327780587204,17.0,46.0,32.0
2023,Silverstone,VER,Red Bull Racing,1.0,1,1,575.0,96.82600000000001,28.668,36.344,24.844,33.0,321.0,6493.641937115149,575.0,2005.0,395.5
2023,Silverstone,ZHO,Alfa Romeo,,0,0,6.0,98.8533137254902,29.139,37.007,25.212,24.0,332.0,6476.313442603446,6.0,42.0,0.0
2023,Spain,ALB,Williams,6.0,0,0,27.0,81.458953125,23.312,31.428,23.58,28.0,330.0,6505.487164232382,27.0,57.0,0.0
2023,Spain,ALO,Aston Martin,,0,0,206.0,80.83120000000001,22.892,31.32,23.403,28.0,323.0,6446.084600053544,206.0,634.0,81.0
2023,Spain,BOT,Alfa Romeo,,0,0,10.0,81.800359375,22.949,31.402,23.8,34.0,324.0,6617.0999850052485,10.0,38.0,226.0
2023,Spain,DEV,AlphaTauri,,0,0,0.0,81.11671875,23.188,31.576,23.701,29.0,335.0,6590.617425707232,0.0,57.0,0.0
2023,Spain,GAS,Alpine,,0,0,62.0,80.92195384615384,23.236,31.655,23.352,27.0,318.0,5834.675194098224,62.0,298.0,110.0
2023,Spain,HAM,Mercedes,9.0,0,1,234.0,80.24083076923077,22.514,30.955,23.207,27.0,325.0,6396.14865796971,234.0,993.0,387.5
2023,Spain,HUL,Haas F1 Team,10.0,0,0,9.0,81.345375,22.959,31.631,23.535,22.0,330.0,6661.461403456585,9.0,27.0,0.0
2023,Spain,LEC,Ferrari,2.0,0,0,206.0,80.87029230769231,23.008,31.338,23.545,50.0,333.0,6660.04625635839,206.0,1012.0,159.0
2023,Spain,MAG,Haas F1 Team,,0,0,3.0,81.637921875,23.03,31.319,23.4,23.0,323.0,4087.3112115893755,3.0,33.0,0.0
2023,Spain,NOR,McLaren,7.0,0,0,205.0,81.51409375,22.639,31.053,23.412,28.0,312.0,6676.4440610405445,205.0,701.0,160.0
2023,Spain,OCO,Alpine,,0,0,58.0,80.92389230769231,23.292,31.732,23.701,31.0,318.0,1575.7528631347236,58.0,302.0,74.0
2023,Spain,PER,Red Bull Racing,5.0,0,1,285.0,80.35995384615384,22.941,30.792,22.717,27.0,339.0,6529.4551268703335,285.0,2295.0,190.0
2023,Spain,PIA,McLaren,8.0,0,0,97.0,81.1271875,23.368,31.523,23.57,26.0,323.0,6659.681871345029,97.0,809.0,0.0
2023,Spain,RUS,Mercedes,3.0,0,0,175.0,80.3353076923077,22.868,31.123,23.367,25.0,326.0,6543.401169590643,175.0,1052.0,16.0
2023,Spain,SAI,Ferrari,4.0,0,0,200.0,80.59421538461538,23.283,31.454,23.472,26.0,331.0,6673.738731443995,200.0,1018.0,164.5
2023,Spain,SAR,Williams,,0,0,1.0,81.8018125,23.448,31.851,23.842,29.0,332.0,6489.787518219949,1.0,83.0,0.0
2023,Spain,STR,Aston Martin,,0,0,74.0,80.85416923076923,23.322,31.679,23.645,32.0,334.0,6568.007496207276,74.0,766.0,34.0
2023,Spain,TSU,AlphaTauri,,0,0,17.0,80.8848,23.311,31.628,23.644,32.0,331.0,6613.327780587203,17.0,40.0,32.0
2023,Spain,VER,Red Bull Racing,1.0,1,1,575.0,79.90776923076923,22.706,30.589,23.035,26.0,321.0,6493.64193711515,575.0,2005.0,395.5
2023,Spain,ZHO,Alfa Romeo,,0,0,6.0,80.92824615384616,23.014,31.461,23.558,30.0,332.0,6476.313442603445,6.0,42.0,0.0
2024,Austria,ALB,Williams,6.0,0,0,12.0,72.36459420289856,17.216,31.389,21.258,31.0,332.0,6778.7861728097405,27.0,57.0,27.0
2024,Austria,ALO,Aston Martin,,0,0,70.0,72.90652173913044,17.196,30.127,20.371,34.0,332.0,6574.139326723125,206.0,634.0,143.5
2024,Austria,BOT,Kick Sauber,,0,0,0.0,72.48195652173914,17.298,31.354,21.255,28.0,323.0,6520.751996624575,10.0,0.0,118.0
2024,Austria,GAS,Alpine,,0,0,42.0,72.07792857142857,17.189,30.92,20.989,29.0,291.0,613.127753835026,62.0,298.0,86.0
2024,Austria,HAM,Mercedes,9.0,0,0,223.0,71.58714285714287,17.32,31.111,20.798,32.0,320.0,6861.609415026672,234.0,993.0,310.75
2024,Austria,HUL,Haas F1 Team,10.0,0,0,41.0,71.97808571428573,17.258,31.155,21.177,32.0,325.0,6988.483740694976,9.0,27.0,9.0
2024,Austria,LEC,Ferrari,2.0,0,1,356.0,72.11098571428572,17.158,30.99,20.873,26.0,329.0,6853.181609957506,206.0,1012.0,182.5
2024,Austria,MAG,Haas F1 Team,,0,0,16.0,72.06181428571429,17.174,31.303,21.281,33.0,337.0,6897.80606371116,3.0,65.0,3.0
2024,Austria,NOR,McLaren,7.0,0,1,374.0,71.70925396825398,16.897,30.558,20.511,28.0,327.0,6741.318314698171,205.0,701.0,182.5
2024,Austria,OCO,Alpine,,0,0,23.0,72.19171428571428,17.285,31.062,20.923,28.0,333.0,6429.703926946144,58.0,282.0,66.0
2024,Austria,PER,Red Bull Racing,5.0,0,0,152.0,72.01778571428571,17.08,31.326,21.017,30.0,336.0,6377.578885506766,285.0,2295.0,237.5
2024,Austria,PIA,McLaren,8.0,0,0,292.0,71.25362857142856,17.142,30.749,20.55,26.0,329.0,6820.806485639372,97.0,978.0,97.0
2024,Austria,RIC,RB,,0,0,12.0,72.06371428571428,17.175,31.465,21.312,34.0,327.0,6610.394605183846,42.333333333333336,0.0,115.0
2024,Austria,RUS,Mercedes,3.0,0,0,245.0,71.26281428571428,17.227,30.89,20.738,25.0,310.0,4734.699165184895,175.0,1041.0,95.5
2024,Austria,SAI,Ferrari,4.0,0,0,290.0,71.3125,17.243,30.818,20.859,25.0,323.0,6685.713390193183,200.0,1168.0,182.25
2024,Austria,SAR,Williams,,0,0,0.0,73.3015,17.295,31.487,21.267,29.0,330.0,6660.68686899129,1.0,68.0,1.0
2024,Austria,STR,Aston Martin,,0,0,24.0,72.3463768115942,17.249,31.373,21.105,28.0,328.0,6598.01356197824,74.0,630.0,54.0
2024,Austria,TSU,RB,,0,0,30.0,72.40359420289855,17.43,31.427,21.274,26.0,333.0,6635.8126940116335,17.0,12.0,24.5
2024,Austria,VER,Red Bull Racing,1.0,1,1,437.0,71.68572857142857,16.933,30.279,20.298,28.0,327.0,6758.477592598174,575.0,1872.0,485.25
2024,Austria,ZHO,Kick Sauber,,0,0,4.0,72.806115942029,17.477,31.497,21.139,28.0,330.0,6428.580995147826,6.0,0.0,6.0
2024,Belgium,ALB,Williams,6.0,0,0,12.0,110.31093023255814,30.527,47.911,28.722,21.0,332.0,6778.7861728097405,22.0,41.0,27.0
2024,Belgium,ALO,Aston Martin,,0,0,70.0,110.00990697674419,30.791,47.814,29.032,31.0,332.0,6574.139326723126,160.66666666666666,448.0,143.5
2024,Belgium,BOT,Kick Sauber,,0,0,0.0,110.43993023255815,30.544,47.37,28.795,24.0,323.0,6520.751996624575,6.666666666666667,4.0,118.0
2024,Belgium,GAS,Alpine,,0,0,42.0,110.29886046511628,30.515,47.647,28.829,19.0,291.0,613.127753835026,55.333333333333336,243.0,86.0
2024,Belgium,HAM,Mercedes,9.0,0,0,223.0,108.95037209302326,30.637,46.607,28.799,18.0,320.0,6861.609415026672,230.33333333333334,1052.0,310.75
2024,Belgium,HUL,Haas F1 Team,10.0,0,0,41.0,110.83062790697673,30.541,48.595,29.049,24.0,325.0,6988.483740694977,19.666666666666668,72.0,9.0
2024,Belgium,LEC,Ferrari,2.0,0,1,356.0,109.15527906976743,30.923,46.74,28.823,19.0,329.0,6853.181609957507,256.0,1252.0,182.5
2024,Belgium,MAG,Haas F1 Team,,0,0,16.0,110.30053488372093,30.907,48.028,28.811,27.0,337.0,6897.80606371116,7.333333333333333,110.0,3.0
2024,Belgium,NOR,McLaren,7.0,0,1,374.0,109.09681395348838,30.359,46.633,28.571,15.0,327.0,6741.318314698172,261.3333333333333,1065.0,182.5
2024,Belgium,OCO,Alpine,,0,0,23.0,110.04058139534884,30.418,47.49,28.577,18.0,333.0,6429.703926946144,46.333333333333336,227.0,66.0
2024,Belgium,PER,Red Bull Racing,5.0,0,0,152.0,109.92548837209303,30.765,45.309,28.584,21.0,336.0,6377.578885506766,240.66666666666666,2024.0,237.5
2024,Belgium,PIA,McLaren,8.0,0,0,292.0,108.92941860465116,30.406,46.432,28.419,19.0,329.0,6820.806485639372,162.0,1342.0,97.0
2024,Belgium,RIC,RB,,0,0,12.0,110.06302325581396,30.584,47.543,28.844,24.0,327.0,6610.394605183846,8.0,42.0,60.5
2024,Belgium,RUS,Mercedes,3.0,0,0,245.0,108.89016279069767,30.73,47.172,28.832,34.0,310.0,4734.699165184895,198.33333333333334,1100.0,95.5
2024,Belgium,SAI,Ferrari,4.0,0,0,290.0,109.33872093023255,30.575,46.626,28.794,20.0,323.0,6685.713390193182,230.0,1408.0,182.25
2024,Belgium,SAR,Williams,,0,0,0.0,110.71876744186046,30.52,47.936,28.895,20.0,330.0,6660.68686899129,0.6666666666666666,52.0,1.0
2024,Belgium,STR,Aston Martin,,0,0,24.0,110.24262790697675,30.994,48.086,28.926,32.0,328.0,6598.01356197824,57.333333333333336,444.0,54.0
2024,Belgium,TSU,RB,,0,0,30.0,110.51479069767443,30.914,48.057,28.93,30.0,333.0,6635.8126940116335,21.333333333333332,54.0,24.5
2024,Belgium,VER,Red Bull Racing,1.0,1,1,437.0,109.0484418604651,30.579,46.512,28.639,18.0,327.0,6758.477592598173,529.0,1601.0,485.25
2024,Belgium,ZHO,Kick Sauber,,0,0,4.0,119.36933333333333,31.083,50.332,29.703,5.0,330.0,6428.580995147826,5.333333333333333,4.0,6.0
2024,Hungary,ALB,Williams,6.0,0,0,12.0,85.66938235294117,29.952,29.905,23.231,40.0,332.0,6778.7861728097405,17.0,25.0,27.0
2024,Hungary,ALO,Aston Martin,,0,0,70.0,85.10975362318841,29.409,29.566,23.107,34.0,332.0,6574.139326723125,115.33333333333333,262.0,143.5
2024,Hungary,BOT,Kick Sauber,,0,0,0.0,85.76423529411764,29.753,29.499,23.454,29.0,323.0,6520.751996624575,3.3333333333333335,8.0,118.0
2024,Hungary,GAS,Alpine,,0,0,42.0,86.27053125,29.652,30.046,23.54,28.0,291.0,613.127753835026,48.666666666666664,188.0,86.0
2024,Hungary,HAM,Mercedes,9.0,0,0,223.0,84.15402898550724,29.586,29.15,23.069,30.0,320.0,6861.609415026672,226.66666666666666,1111.0,310.75
2024,Hungary,HUL,Haas F1 Team,10.0,0,0,41.0,85.57723529411766,29.695,29.872,23.143,40.0,325.0,6988.483740694976,30.333333333333332,117.0,9.0
2024,Hungary,LEC,Ferrari,2.0,0,1,356.0,84.20952173913044,29.645,29.025,23.29,30.0,329.0,6853.181609957506,306.0,1492.0,182.5
2024,Hungary,MAG,Haas F1 Team,,0,0,16.0,85.78608823529412,29.687,29.64,23.326,35.0,337.0,6897.80606371116,11.666666666666666,155.0,3.0
2024,Hungary,NOR,McLaren,7.0,0,1,374.0,83.98175362318841,29.438,28.782,22.813,29.0,327.0,6741.318314698171,317.6666666666667,1429.0,182.5
2024,Hungary,OCO,Alpine,,0,0,23.0,85.97804411764706,29.26,29.082,23.268,34.0,333.0,6429.703926946144,34.666666666666664,172.0,66.0
2024,Hungary,PER,Red Bull Racing,5.0,0,0,152.0,84.41072463768116,29.228,28.936,22.747,28.0,336.0,6377.578885506766,196.33333333333334,1753.0,237.5
2024,Hungary,PIA,McLaren,8.0,0,0,292.0,83.98902898550725,29.517,28.881,23.094,30.0,329.0,6820.806485639372,227.0,1706.0,97.0
2024,Hungary,RIC,RB,,0,0,12.0,85.37623529411765,29.736,29.361,23.144,41.0,327.0,6610.394605183846,10.0,84.0,60.5
2024,Hungary,RUS,Mercedes,3.0,0,0,245.0,84.4556811594203,29.202,28.36,22.681,33.0,310.0,4734.699165184895,221.66666666666666,1159.0,95.5
2024,Hungary,SAI,Ferrari,4.0,0,0,290.0,84.24195652173913,29.439,28.843,22.984,26.0,323.0,6685.713390193183,260.0,1648.0,182.25
2024,Hungary,SAR,Williams,,0,0,0.0,85.83760294117647,29.197,28.649,22.577,30.0,330.0,6660.68686899129,0.3333333333333333,36.0,1.0
2024,Hungary,STR,Aston Martin,,0,0,24.0,85.03108695652175,29.482,29.462,23.394,32.0,328.0,6598.01356197824,40.666666666666664,258.0,54.0
2024,Hungary,TSU,RB,,0,0,30.0,84.98843478260869,29.91,29.75,23.449,41.0,333.0,6635.8126940116335,25.666666666666668,96.0,24.5
2024,Hungary,VER,Red Bull Racing,1.0,1,1,437.0,84.27539130434783,29.034,28.844,22.862,28.0,327.0,6758.477592598174,483.0,1330.0,485.25
2024,Hungary,ZHO,Kick Sauber,,0,0,4.0,85.99447058823529,30.032,29.826,23.221,33.0,330.0,6428.580995147826,4.666666666666667,8.0,6.0
2024,Silverstone,ALB,Williams,6.0,0,0,12.0,96.3501568627451,28.644,36.186,24.411,27.0,332.0,6778.7861728097405,12.0,24.0,27.0
2024,Silverstone,ALO,Aston Martin,,0,0,70.0,96.2776862745098,28.694,36.094,24.585,27.0,332.0,6574.139326723124,70.0,212.0,143.5
2024,Silverstone,BOT,Kick Sauber,,0,0,0.0,97.6918,29.24,36.922,24.916,26.0,323.0,6520.751996624575,0.0,12.0,118.0
2024,Silverstone,GAS,Alpine,,0,0,42.0,84.9864,28.94,31.487,23.701,1.0,291.0,613.127753835026,42.0,153.0,86.0
2024,Silverstone,HAM,Mercedes,9.0,0,0,223.0,95.11813725490195,28.689,35.946,24.331,27.0,320.0,6861.609415026672,223.0,1181.0,310.75
2024,Silverstone,HUL,Haas F1 Team,10.0,0,0,41.0,96.12970588235294,28.896,36.157,24.628,26.0,325.0,6988.483740694976,41.0,130.0,9.0
2024,Silverstone,LEC,Ferrari,2.0,0,1,356.0,97.75738,28.93,36.106,24.528,19.0,329.0,6853.181609957506,356.0,1582.0,182.5
2024,Silverstone,MAG,Haas F1 Team,,0,0,16.0,96.73590196078432,28.933,36.532,24.622,27.0,337.0,6897.806063711161,16.0,155.0,3.0
2024,Silverstone,NOR,McLaren,7.0,0,1,374.0,95.24037254901961,28.786,35.883,24.439,27.0,327.0,6741.318314698171,374.0,1624.0,182.5
2024,Silverstone,OCO,Alpine,,0,0,23.0,99.07528571428573,29.139,36.39,24.927,19.0,333.0,6429.703926946144,23.0,172.0,66.0
2024,Silverstone,PER,Red Bull Racing,5.0,0,0,152.0,99.094,28.949,35.978,24.525,19.0,336.0,6377.578885506767,152.0,1615.0,237.5
2024,Silverstone,PIA,McLaren,8.0,0,0,292.0,95.32313725490195,28.853,35.704,24.173,28.0,329.0,6820.806485639372,292.0,1706.0,97.0
2024,Silverstone,RIC,RB,,0,0,12.0,97.08562,29.14,36.632,24.925,26.0,327.0,6610.394605183846,12.0,114.0,115.0
2024,Silverstone,RUS,Mercedes,3.0,0,0,245.0,96.1395625,29.299,36.794,24.917,27.0,310.0,4734.699165184895,245.0,1159.0,95.5
2024,Silverstone,SAI,Ferrari,4.0,0,0,290.0,95.9936862745098,28.55,35.619,24.124,26.0,323.0,6685.713390193183,290.0,1648.0,182.25
2024,Silverstone,SAR,Williams,,0,0,0.0,96.7499411764706,28.81,36.445,24.139,27.0,330.0,6660.68686899129,0.0,36.0,1.0
2024,Silverstone,STR,Aston Martin,,0,0,24.0,96.16705882352942,28.734,36.221,24.57,26.0,328.0,6598.0135619782395,24.0,258.0,54.0
2024,Silverstone,TSU,RB,,0,0,30.0,96.57358823529411,28.893,36.404,24.854,27.0,333.0,6635.8126940116335,30.0,96.0,24.5
2024,Silverstone,VER,Red Bull Racing,1.0,1,1,437.0,95.13358823529411,28.789,35.591,23.979,26.0,327.0,6758.477592598175,437.0,1330.0,485.25
2024,Silverstone,ZHO,Kick Sauber,,0,0,4.0,99.98579591836734,29.163,36.625,24.958,14.0,330.0,6428.580995147826,4.0,8.0,6.0
2024,Spain,ALB,Williams,6.0,0,0,12.0,82.257125,23.468,31.459,23.677,25.0,332.0,6778.7861728097405,12.0,24.0,27.0
2024,Spain,ALO,Aston Martin,,0,0,70.0,81.57084375,22.749,31.55,23.468,27.0,332.0,6574.139326723125,70.0,212.0,143.5
2024,Spain,BOT,Kick Sauber,,0,0,0.0,82.242796875,23.336,31.988,23.79,37.0,323.0,6520.751996624575,0.0,12.0,118.0
2024,Spain,GAS,Alpine,,0,0,42.0,81.16412307692308,23.078,31.681,23.667,28.0,291.0,613.127753835026,42.0,153.0,86.0
2024,Spain,HAM,Mercedes,9.0,0,0,223.0,80.51655384615384,22.564,31.355,23.327,27.0,320.0,6861.609415026672,223.0,1181.0,310.75
2024,Spain,HUL,Haas F1 Team,10.0,0,0,41.0,81.33033846153846,23.178,31.678,23.515,28.0,325.0,6988.483740694976,41.0,130.0,9.0
2024,Spain,LEC,Ferrari,2.0,0,1,356.0,80.57712307692307,22.828,31.195,23.488,24.0,329.0,6853.181609957506,356.0,1582.0,182.5
2024,Spain,MAG,Haas F1 Team,,0,0,16.0,82.25596875,23.515,32.03,23.993,36.0,337.0,6897.80606371116,16.0,155.0,3.0
2024,Spain,NOR,McLaren,7.0,0,1,374.0,80.2845076923077,22.595,31.243,23.246,24.0,327.0,6741.318314698171,374.0,1624.0,182.5
2024,Spain,OCO,Alpine,,0,0,23.0,81.3024,23.191,31.502,23.662,29.0,333.0,6429.703926946144,23.0,172.0,66.0
2024,Spain,PER,Red Bull Racing,5.0,0,0,152.0,81.09440000000001,22.842,31.257,23.414,21.0,336.0,6377.578885506766,152.0,1615.0,237.5
2024,Spain,PIA,McLaren,8.0,0,0,292.0,80.72175384615385,22.982,31.241,23.284,25.0,329.0,6820.806485639372,292.0,1706.0,97.0
2024,Spain,RIC,RB,,0,0,12.0,82.07071875,23.195,31.994,23.855,26.0,327.0,6610.394605183846,12.0,114.0,115.0
2024,Spain,RUS,Mercedes,3.0,0,0,245.0,80.61506153846155,22.797,31.453,23.553,30.0,310.0,4734.699165184895,245.0,1159.0,95.5
2024,Spain,SAI,Ferrari,4.0,0,0,290.0,80.69492307692308,22.978,31.527,23.679,30.0,323.0,6685.713390193183,290.0,1648.0,182.25
2024,Spain,SAR,Williams,,0,0,0.0,82.75533333333334,23.72,32.146,23.963,30.0,330.0,6660.68686899129,0.0,36.0,1.0
2024,Spain,STR,Aston Martin,,0,0,24.0,81.810515625,23.385,31.926,23.808,29.0,328.0,6598.01356197824,24.0,258.0,54.0
2024,Spain,TSU,RB,,0,0,30.0,82.403234375,23.27,31.911,23.879,21.0,333.0,6635.8126940116335,30.0,96.0,24.5
2024,Spain,VER,Red Bull Racing,1.0,1,1,437.0,80.26216923076923,23.032,31.242,23.363,27.0,327.0,6758.477592598174,437.0,1330.0,485.25
2024,Spain,ZHO,Kick Sauber,,0,0,4.0,81.635171875,23.153,31.561,23.591,32.0,330.0,6428.580995147826,4.0,8.0,6.0
2025,Austria,ALB,Williams,6.0,0,0,73.0,78.43221428571428,17.279,31.437,21.728,13.0,334.0,6978.351108640964,12.0,24.0,19.5
2025,Austria,ALO,Aston Martin,,0,0,56.0,72.40004411764706,17.254,31.203,21.26,37.0,336.0,6872.909085590592,70.0,212.0,119.0
2025,Austria,ANT,Mercedes,,0,0,150.0,84.9864,28.94,31.487,23.701,1.0,312.0,3786.213859474639,0.0,1181.0,0.0
2025,Austria,BEA,Haas F1 Team,,0,0,41.0,72.69283823529412,17.256,31.06,21.233,30.0,346.0,7179.608523957176,0.0,130.0,0.0
2025,Austria,BOR,Kick Sauber,,0,0,19.0,72.45520588235294,17.277,30.799,20.771,28.0,297.0,1315.8720821388872,0.0,12.0,0.0
2025,Austria,COL,Alpine,,0,0,0.0,72.90591176470588,17.317,30.956,21.008,30.0,295.0,1861.886181477798,0.0,153.0,0.0
2025,Austria,GAS,Alpine,,0,0,22.0,72.94744117647059,17.308,31.111,21.256,31.0,335.0,6902.54092318493,42.0,130.0,71.33333333333333
2025,Austria,HAD,Racing Bulls,,0,0,51.0,72.62592647058824,17.292,31.273,21.257,41.0,316.0,2987.443690399579,0.0,0.0,0.0
2025,Austria,HAM,Ferrari,9.0,0,0,156.0,71.88366666666667,17.31,30.474,20.807,26.0,325.0,6907.529456502662,223.0,1582.0,281.5
2025,Austria,HUL,Kick Sauber,10.0,0,0,51.0,72.30570588235295,17.244,30.947,20.928,30.0,325.0,6933.850377347452,41.0,27.0,25.0
2025,Austria,LAW,Racing Bulls,,0,0,38.0,72.32697101449276,17.229,31.143,21.084,38.0,302.0,724.095477680922,0.0,51.0,0.0
2025,Austria,LEC,Ferrari,2.0,0,0,242.0,71.78711594202898,17.249,30.581,20.783,25.0,332.0,7150.151465512198,356.0,1448.0,240.33333333333334
2025,Austria,NOR,McLaren,7.0,1,1,423.0,71.57727536231884,17.267,30.357,20.543,32.0,319.0,7117.624641666179,374.0,1624.0,246.33333333333334
2025,Austria,OCO,Haas F1 Team,,0,0,38.0,72.43966176470587,17.249,30.883,21.055,31.0,335.0,6829.543000058504,23.0,155.0,51.666666666666664
2025,Austria,PIA,McLaren,8.0,0,1,410.0,71.58959420289855,17.082,30.284,20.441,29.0,319.0,7138.562657228105,292.0,1755.0,194.5
2025,Austria,RUS,Mercedes,3.0,0,0,319.0,72.35365217391305,17.119,30.822,21.032,27.0,332.0,6942.04832387527,245.0,1086.0,145.33333333333334
2025,Austria,SAI,Williams,4.0,0,0,64.0,84.9864,28.94,31.487,23.701,1.0,325.0,6891.68826420172,290.0,97.0,218.16666666666666
2025,Austria,STR,Aston Martin,,0,0,33.0,72.81467647058824,17.159,30.627,21.026,28.0,321.0,6890.002281635758,24.0,244.0,44.0
2025,Austria,TSU,Red Bull Racing,,0,0,33.0,73.37916417910448,17.135,30.941,21.273,30.0,323.0,6907.664394781489,30.0,1615.0,26.333333333333332
2025,Austria,VER,Red Bull Racing,1.0,0,1,421.0,84.9864,28.94,31.487,23.701,1.0,332.0,7258.53118235535,437.0,1211.0,469.1666666666667
2025,Belgium,ALB,Williams,6.0,0,0,73.0,111.1872,30.88,47.161,28.621,32.0,334.0,6978.351108640964,32.333333333333336,149.0,19.5
2025,Belgium,ALO,Aston Martin,,0,0,56.0,112.143325,30.759,46.134,28.547,33.0,336.0,6872.909085590592,65.33333333333333,207.0,119.0
2025,Belgium,ANT,Mercedes,,0,0,150.0,112.140025,30.421,45.439,28.348,32.0,312.0,3786.213859474639,150.0,1182.0,0.0
2025,Belgium,BEA,Haas F1 Team,,0,0,41.0,111.91392499999999,30.513,47.146,28.692,32.0,346.0,7179.608523957176,41.0,152.0,0.0
2025,Belgium,BOR,Kick Sauber,,0,0,19.0,111.51977500000001,31.12,46.932,28.72,32.0,297.0,1315.8720821388872,19.0,78.0,0.0
2025,Belgium,COL,Alpine,,0,0,0.0,112.41929999999999,30.602,46.915,28.436,32.0,295.0,1861.886181477798,0.0,110.0,0.0
2025,Belgium,GAS,Alpine,,0,0,22.0,111.8838,30.885,47.529,28.667,33.0,335.0,6902.54092318493,35.333333333333336,87.0,71.33333333333333
2025,Belgium,HAD,Racing Bulls,,0,0,51.0,113.30156410256411,31.385,47.062,28.928,30.0,316.0,2987.443690399579,51.0,89.0,0.0
2025,Belgium,HAM,Ferrari,9.0,0,0,156.0,111.00665,30.651,46.818,28.641,33.0,325.0,6907.529456502662,200.66666666666666,1334.0,281.5
2025,Belgium,HUL,Kick Sauber,10.0,0,0,51.0,111.891225,30.463,45.894,28.591,33.0,325.0,6933.850377347452,44.333333333333336,93.0,25.0
2025,Belgium,LAW,Racing Bulls,,0,0,38.0,111.43552500000001,31.116,46.866,28.626,32.0,302.0,724.095477680922,38.0,140.0,0.0
2025,Belgium,LEC,Ferrari,2.0,0,0,242.0,110.71430000000001,30.874,46.647,28.524,32.0,332.0,7150.151465512198,318.0,1200.0,240.33333333333334
2025,Belgium,NOR,McLaren,7.0,1,1,423.0,110.31927499999999,30.811,45.929,28.409,31.0,319.0,7117.624641666178,390.3333333333333,1791.0,246.33333333333334
2025,Belgium,OCO,Haas F1 Team,,0,0,38.0,112.24660000000002,30.481,47.526,28.461,38.0,335.0,6829.543000058504,28.0,177.0,51.666666666666664
2025,Belgium,PIA,McLaren,8.0,0,1,410.0,110.22515000000001,30.905,46.28,28.514,32.0,319.0,7138.562657228104,331.3333333333333,1922.0,194.5
2025,Belgium,RUS,Mercedes,3.0,0,0,319.0,111.0463,30.765,47.105,28.543,32.0,332.0,6942.04832387527,269.6666666666667,1087.0,145.33333333333334
2025,Belgium,SAI,Williams,4.0,0,0,64.0,112.30132499999999,31.006,45.919,28.892,32.0,325.0,6891.688264201719,214.66666666666666,222.0,218.16666666666666
2025,Belgium,STR,Aston Martin,,0,0,33.0,112.0087,30.894,47.394,28.683,32.0,321.0,6890.002281635758,27.0,239.0,44.0
2025,Belgium,TSU,Red Bull Racing,,0,0,33.0,112.04459999999999,30.74,47.524,28.748,31.0,323.0,6907.664394781489,31.0,1480.0,26.333333333333332
2025,Belgium,VER,Red Bull Racing,1.0,0,1,421.0,110.7452,30.943,46.512,28.563,32.0,332.0,7258.53118235535,431.6666666666667,1076.0,469.1666666666667
2025,Hungary,ALB,Williams,6.0,0,0,73.0,83.28444117647058,28.863,28.896,22.7,31.0,334.0,6978.351108640964,52.666666666666664,274.0,19.5
2025,Hungary,ALO,Aston Martin,,0,0,56.0,82.4743768115942,29.071,28.298,22.559,40.0,336.0,6872.909085590592,60.666666666666664,202.0,119.0
2025,Hungary,ANT,Mercedes,,0,0,150.0,82.8597794117647,29.186,28.654,22.753,48.0,312.0,3786.213859474639,150.0,1183.0,0.0
2025,Hungary,BEA,Haas F1 Team,,0,0,41.0,83.97487234042553,29.539,29.236,22.838,30.0,346.0,7179.608523957176,41.0,174.0,0.0
2025,Hungary,BOR,Kick Sauber,,0,0,19.0,82.56036231884057,29.061,28.649,22.706,40.0,297.0,1315.8720821388872,19.0,144.0,0.0
2025,Hungary,COL,Alpine,,0,0,0.0,83.40610294117647,29.225,28.765,22.776,34.0,295.0,1861.886181477798,0.0,67.0,0.0
2025,Hungary,GAS,Alpine,,0,0,22.0,83.3877205882353,29.272,29.182,22.705,37.0,335.0,6902.54092318493,28.666666666666668,44.0,71.33333333333333
2025,Hungary,HAD,Racing Bulls,,0,0,51.0,82.88608823529411,29.086,28.686,22.735,36.0,316.0,2987.443690399579,51.0,178.0,0.0
2025,Hungary,HAM,Ferrari,9.0,0,0,156.0,82.88388235294119,28.747,28.419,22.573,42.0,325.0,6907.529456502662,178.33333333333334,1086.0,281.5
2025,Hungary,HUL,Kick Sauber,10.0,0,0,51.0,83.17933823529411,28.77,28.58,22.573,36.0,325.0,6933.850377347452,47.666666666666664,159.0,25.0
2025,Hungary,LAW,Racing Bulls,,0,0,38.0,82.59111594202899,29.094,28.636,22.637,40.0,302.0,724.095477680922,38.0,229.0,0.0
2025,Hungary,LEC,Ferrari,2.0,0,0,242.0,82.19415942028985,29.099,28.318,22.708,30.0,332.0,7150.151465512198,280.0,952.0,240.33333333333334
2025,Hungary,NOR,McLaren,7.0,1,1,423.0,81.61030434782609,28.951,28.214,22.556,40.0,319.0,7117.624641666179,406.6666666666667,1958.0,246.33333333333334
2025,Hungary,OCO,Haas F1 Team,,0,0,38.0,83.39842647058823,29.424,29.236,22.873,55.0,335.0,6829.543000058504,33.0,199.0,51.666666666666664
2025,Hungary,PIA,McLaren,8.0,0,1,410.0,81.65085507246377,28.557,27.94,22.273,28.0,319.0,7138.562657228105,370.6666666666667,2089.0,194.5
2025,Hungary,RUS,Mercedes,3.0,0,0,319.0,81.95137681159422,28.834,28.136,22.243,27.0,332.0,6942.04832387527,294.3333333333333,1088.0,145.33333333333334
2025,Hungary,SAI,Williams,4.0,0,0,64.0,83.24416176470588,28.716,28.589,22.395,36.0,325.0,6891.68826420172,139.33333333333334,347.0,218.16666666666666
2025,Hungary,STR,Aston Martin,,0,0,33.0,82.58113043478261,29.147,28.667,22.699,37.0,321.0,6890.002281635758,30.0,234.0,44.0
2025,Hungary,TSU,Red Bull Racing,,0,0,33.0,83.3887794117647,29.297,28.937,22.832,32.0,323.0,6907.664394781489,32.0,1345.0,26.333333333333332
2025,Hungary,VER,Red Bull Racing,1.0,0,1,421.0,82.63055072463767,28.773,28.166,22.388,31.0,332.0,7258.53118235535,426.3333333333333,941.0,469.1666666666667
2025,Silverstone,ALB,Williams,6.0,0,0,73.0,108.21334782608696,28.742,36.685,24.3,30.0,334.0,6978.351108640964,73.0,338.0,19.5
2025,Silverstone,ALO,Aston Martin,,0,0,56.0,108.22323913043479,29.047,36.638,24.587,26.0,336.0,6872.909085590592,56.0,211.0,119.0
2025,Silverstone,ANT,Mercedes,,0,0,150.0,120.621,32.35,38.922,28.064,11.0,312.0,3786.213859474639,150.0,1257.0,0.0
2025,Silverstone,BEA,Haas F1 Team,,0,0,41.0,108.01086956521739,29.012,36.99,24.735,31.0,346.0,7179.608523957176,41.0,196.0,0.0
2025,Silverstone,BOR,Kick Sauber,,0,0,19.0,136.9505,45.225,46.265,37.899,4.0,297.0,1315.8720821388872,19.0,191.0,0.0
2025,Silverstone,COL,Alpine,,0,0,0.0,84.9864,28.94,31.487,23.701,1.0,295.0,1861.886181477798,0.0,66.0,0.0
2025,Silverstone,GAS,Alpine,,0,0,22.0,108.03241304347826,29.149,36.778,24.62,30.0,335.0,6902.54092318493,22.0,44.0,71.33333333333333
2025,Silverstone,HAD,Racing Bulls,,0,0,51.0,121.23592857142856,31.608,38.545,27.096,10.0,316.0,2987.443690399579,51.0,216.0,0.0
2025,Silverstone,HAM,Ferrari,9.0,0,0,156.0,107.62265217391304,28.909,36.74,24.367,30.0,325.0,6907.529456502662,156.0,1038.0,281.5
2025,Silverstone,HUL,Kick Sauber,10.0,0,0,51.0,106.41673333333333,29.121,36.82,24.643,33.0,325.0,6933.850377347452,51.0,159.0,25.0
2025,Silverstone,LAW,Racing Bulls,,0,0,38.0,84.9864,28.94,31.487,23.701,1.0,302.0,724.095477680922,38.0,229.0,0.0
2025,Silverstone,LEC,Ferrari,2.0,0,0,242.0,108.30591304347827,29.096,37.067,24.656,32.0,332.0,7150.151465512199,242.0,952.0,240.33333333333334
2025,Silverstone,NOR,McLaren,7.0,1,1,423.0,105.49040000000001,28.701,36.674,24.312,33.0,319.0,7117.624641666179,423.0,2076.0,246.33333333333334
2025,Silverstone,OCO,Haas F1 Team,,0,0,38.0,108.17308695652174,28.864,36.941,24.817,24.0,335.0,6829.543000058504,38.0,199.0,51.666666666666664
2025,Silverstone,PIA,McLaren,8.0,0,1,410.0,105.31433333333332,28.705,36.333,24.299,32.0,319.0,7138.562657228105,410.0,2089.0,194.5
2025,Silverstone,RUS,Mercedes,3.0,0,0,319.0,107.8588043478261,28.998,36.896,24.804,28.0,332.0,6942.04832387527,319.0,1088.0,145.33333333333334
2025,Silverstone,SAI,Williams,4.0,0,0,64.0,108.51008695652173,28.927,36.976,24.623,30.0,325.0,6891.68826420172,64.0,347.0,218.16666666666666
2025,Silverstone,STR,Aston Martin,,0,0,33.0,106.86786666666667,29.103,37.556,24.854,31.0,321.0,6890.002281635758,33.0,234.0,44.0
2025,Silverstone,TSU,Red Bull Racing,,0,0,33.0,109.99364444444444,28.841,37.311,24.721,30.0,323.0,6907.664394781489,33.0,1329.0,26.333333333333332
2025,Silverstone,VER,Red Bull Racing,1.0,0,1,421.0,106.60366666666667,28.94,36.728,24.393,30.0,332.0,7258.53118235535,421.0,941.0,469.1666666666667
2025,Spain,ALB,Williams,6.0,0,0,73.0,85.1063076923077,23.787,31.944,23.929,21.0,334.0,6978.351108640964,73.0,338.0,19.5
2025,Spain,ALO,Aston Martin,,0,0,56.0,84.77196923076923,22.827,31.621,23.551,28.0,336.0,6872.909085590592,56.0,211.0,119.0
2025,Spain,ANT,Mercedes,,0,0,150.0,81.97213461538462,23.382,31.542,23.331,28.0,312.0,3786.213859474639,150.0,1257.0,0.0
2025,Spain,BEA,Haas F1 Team,,0,0,41.0,84.82466153846154,22.884,31.785,23.869,27.0,346.0,7179.608523957176,41.0,196.0,0.0
2025,Spain,BOR,Kick Sauber,,0,0,19.0,84.83093846153845,22.875,31.542,23.447,30.0,297.0,1315.8720821388872,19.0,191.0,0.0
2025,Spain,COL,Alpine,,0,0,0.0,84.86827692307692,23.136,31.673,23.544,25.0,295.0,1861.886181477798,0.0,66.0,0.0
2025,Spain,GAS,Alpine,,0,0,22.0,84.72804615384617,22.849,31.475,23.572,24.0,335.0,6902.54092318493,22.0,44.0,71.33333333333333
2025,Spain,HAD,Racing Bulls,,0,0,51.0,84.6920923076923,22.862,31.417,23.433,29.0,316.0,2987.443690399579,51.0,216.0,0.0
2025,Spain,HAM,Ferrari,9.0,0,0,156.0,84.7312923076923,22.922,31.208,23.508,30.0,325.0,6907.529456502662,156.0,1038.0,281.5
2025,Spain,HUL,Kick Sauber,10.0,0,0,51.0,84.64803076923077,22.608,31.373,23.429,36.0,325.0,6933.850377347452,51.0,159.0,25.0
2025,Spain,LAW,Racing Bulls,,0,0,38.0,84.81467692307692,23.448,32.003,23.822,26.0,302.0,724.095477680922,38.0,229.0,0.0
2025,Spain,LEC,Ferrari,2.0,0,0,242.0,84.6393076923077,22.833,31.092,23.099,23.0,332.0,7150.151465512198,242.0,952.0,240.33333333333334
2025,Spain,NOR,McLaren,7.0,1,1,423.0,84.54135384615385,22.5,30.691,22.567,27.0,319.0,7117.624641666179,423.0,2076.0,246.33333333333334
2025,Spain,OCO,Haas F1 Team,,0,0,38.0,84.8976,22.988,31.884,23.587,23.0,335.0,6829.543000058504,38.0,199.0,51.666666666666664
2025,Spain,PIA,McLaren,8.0,0,1,410.0,84.5307076923077,22.605,30.476,22.603,27.0,319.0,7138.562657228105,410.0,2089.0,194.5
2025,Spain,RUS,Mercedes,3.0,0,0,319.0,84.64795384615385,22.737,30.632,23.157,23.0,332.0,6942.04832387527,319.0,1088.0,145.33333333333334
2025,Spain,SAI,Williams,4.0,0,0,64.0,84.84423076923076,23.117,32.37,23.653,25.0,325.0,6891.68826420172,64.0,347.0,218.16666666666666
2025,Spain,TSU,Red Bull Racing,,0,0,33.0,84.80896923076922,23.164,31.43,23.404,20.0,323.0,6907.664394781489,33.0,1329.0,26.333333333333332
2025,Spain,VER,Red Bull Racing,1.0,0,1,421.0,84.70007692307692,22.562,30.995,22.981,18.0,332.0,7258.53118235535,421.0,941.0,469.1666666666667
